{
  "Version": "2012-10-17",
  "Statement": [
      {
          "Effect": "Allow",
          "Action": [
            "iam:ListRoles",
            "ssm:GetParameter",
            "eks:DescribeNodegroup",
            "eks:ListNodegroups",
            "eks:DescribeCluster",
            "eks:ListClusters",
            "eks:AccessKubernetesApi",
            "eks:ListUpdates",
            "eks:ListFargateProfiles",
            "eks:ListIdentityProviderConfigs",
            "eks:ListAddons",
            "eks:DescribeAddonVersions"
          ],
          "Resource": "*"
      }
  ]
}